"";"data.classe";"data.classe.n"
"1";"II";8
"2";"V";16
"3";"III";9
"4";"Faceta";5
"5";"III";9
"6";"Faceta";5
"7";"III";9
"8";"II";8
"9";"II";8
"10";"Reconstituição";14
"11";"II";8
"12";"II";8
"13";"II";8
"14";"V";16
"15";"V";16
"16";"V";16
"17";"Veneer";18
"18";"Veneer";18
"19";"II";8
"20";"V";16
"21";"V";16
"22";"II";8
"23";"Veneer";18
"24";"III";9
"25";"II";8
"26";"V";16
"27";"II";8
"28";"V";16
"29";"II";8
"30";"II";8
"31";"Veneer";18
"32";"V";16
"33";"Veneer";18
"34";"Veneer";18
"35";"II";8
"36";"V";16
"37";"Veneer";18
"38";"Veneer";18
"39";"Veneer";18
"40";NA;NA
"41";"II";8
"42";"Aumento incisal";1
"43";NA;NA
"44";NA;NA
"45";NA;NA
"46";"V";16
"47";"II";8
"48";"Reconstituição";14
"49";"Veneer";18
"50";"IV";11
"51";"II";8
"52";"II";8
"53";"IV";11
"54";"I";6
"55";"I";6
"56";"I";6
"57";"Reconstituição";14
"58";"I";6
"59";"I";6
"60";"II";8
"61";"II";8
"62";"II";8
"63";"I";6
"64";"I";6
"65";"Veneer";18
"66";"Reconstituição";14
"67";"Reconstituição";14
"68";"V";16
"69";"II";8
"70";"Reconstituição";14
"71";"I";6
"72";"I";6
"73";"II";8
"74";"II";8
"75";"I";6
"76";"I";6
"77";"I";6
"78";"I";6
"79";"I";6
"80";"Veneer";18
"81";"I";6
"82";"I";6
"83";"V";16
"84";"II";8
"85";"Veneer";18
"86";"Veneer";18
"87";"Veneer";18
"88";"Veneer";18
"89";"V";16
"90";"V";16
"91";"V";16
"92";"Veneer";18
"93";NA;NA
"94";"Veneer";18
"95";"Veneer";18
"96";"V";16
"97";"Veneer";18
"98";"Veneer";18
"99";NA;NA
"100";NA;NA
"101";"Veneer";18
"102";"Veneer";18
"103";NA;NA
"104";NA;NA
"105";NA;NA
"106";"Veneer";18
"107";NA;NA
"108";NA;NA
"109";"Veneer";18
"110";NA;NA
"111";NA;NA
"112";"Veneer";18
"113";NA;NA
"114";NA;NA
"115";NA;NA
"116";"Veneer";18
"117";"Veneer";18
"118";"III";9
"119";NA;NA
"120";NA;NA
"121";NA;NA
"122";"Veneer";18
"123";"Veneer";18
"124";NA;NA
"125";"III";9
"126";"Veneer";18
"127";"III";9
"128";NA;NA
"129";NA;NA
"130";NA;NA
"131";"Veneer";18
"132";"II";8
"133";NA;NA
"134";NA;NA
"135";"V";16
"136";"Veneer";18
"137";"II";8
"138";"I";6
"139";"II";8
"140";"V";16
"141";"Veneer";18
"142";"V";16
"143";"Reconstituição";14
"144";NA;NA
"145";"II";8
"146";"Veneer";18
"147";"II";8
"148";"V";16
"149";NA;NA
"150";"Veneer";18
"151";"V";16
"152";"Veneer";18
"153";"Veneer";18
"154";"V";16
"155";NA;NA
"156";"Veneer";18
"157";"V";16
"158";"V";16
"159";"V";16
"160";"Reconstituição";14
"161";"II";8
"162";"Reconstituição";14
"163";"II";8
"164";"Reconstituição";14
"165";"Reconstituição";14
"166";"V";16
"167";"II";8
"168";"II";8
"169";"II";8
"170";"II";8
"171";"II";8
"172";"V";16
"173";"II";8
"174";"II";8
"175";"II";8
"176";"II";8
"177";"II";8
"178";"II";8
"179";"II";8
"180";"IV";11
"181";"IV";11
"182";"I";6
"183";"II";8
"184";"V";16
"185";"Veneer";18
"186";"V";16
"187";"V";16
"188";"Veneer";18
"189";"Veneer";18
"190";"Veneer";18
"191";"Veneer";18
"192";"Veneer";18
"193";"II";8
"194";"II";8
"195";"Reconstituição";14
"196";"II";8
"197";"Veneer";18
"198";"Veneer";18
"199";"Veneer";18
"200";"III";9
"201";NA;NA
"202";"Veneer";18
"203";"Veneer";18
"204";"Veneer";18
"205";"Veneer";18
"206";"Veneer";18
"207";"III";9
"208";"Veneer";18
"209";"III";9
"210";"Veneer";18
"211";"III";9
"212";"III";9
"213";"Veneer";18
"214";NA;NA
"215";NA;NA
"216";"Veneer";18
"217";NA;NA
"218";NA;NA
"219";"II";8
"220";"II";8
"221";"I";6
"222";NA;NA
"223";NA;NA
"224";"Reconstituição";14
"225";"II";8
"226";"V";16
"227";"II";8
"228";"II";8
"229";"II";8
"230";NA;NA
"231";"II";8
"232";"III";9
"233";"IV";11
"234";"I";6
"235";"II";8
"236";"II";8
"237";"II";8
"238";"II";8
"239";"II";8
"240";NA;NA
"241";"II";8
"242";"Reconstituição";14
"243";"II";8
"244";"II";8
"245";"II";8
"246";"V";16
"247";"V";16
"248";"II";8
"249";"I";6
"250";"Veneer";18
"251";"II";8
"252";"II";8
"253";"II";8
"254";"II";8
"255";NA;NA
"256";NA;NA
"257";"V";16
"258";"Reconstituição";14
"259";"I";6
"260";"V";16
"261";"II";8
"262";"V";16
"263";"Reconstituição";14
"264";"II";8
"265";"I";6
"266";"Reconstituição";14
"267";"I";6
"268";"I";6
"269";"I";6
"270";"I";6
"271";"Reconstituição";14
"272";"Reconstituição";14
"273";"Reconstituição";14
"274";"II";8
"275";"Veneer";18
"276";"V";16
"277";"II";8
"278";"Reconstituição";14
"279";NA;NA
"280";NA;NA
"281";"Veneer";18
"282";NA;NA
"283";"Veneer";18
"284";"Veneer";18
"285";"Veneer";18
"286";"III";9
"287";"Reconstituição";14
"288";"V";16
"289";"Reconstituição";14
"290";"III";9
"291";"V";16
"292";"III";9
"293";"V";16
"294";"Veneer";18
"295";"I";6
"296";"Veneer";18
"297";"Veneer";18
"298";"V";16
"299";"III";9
"300";"Veneer";18
"301";"I";6
"302";"III";9
"303";"V+I";17
"304";"V";16
"305";"V";16
"306";"Reconstituição";14
"307";"I";6
"308";"V";16
"309";"V";16
"310";"II";8
"311";"V";16
"312";"V";16
"313";"V";16
"314";"V";16
"315";"II";8
"316";"V";16
"317";"II";8
"318";"II";8
"319";"II";8
"320";"II";8
"321";"V";16
"322";"Reconstituição";14
"323";NA;NA
"324";"II";8
"325";"II";8
"326";NA;NA
"327";"IV";11
"328";"IV";11
"329";"Veneer";18
"330";"V";16
"331";"Veneer";18
"332";"V";16
"333";"Reconstituição";14
"334";"Reconstituição";14
"335";NA;NA
"336";"II";8
"337";"Veneer";18
"338";NA;NA
"339";"Veneer";18
"340";"V";16
"341";NA;NA
"342";"IV";11
"343";"V";16
"344";"Veneer";18
"345";"II";8
"346";"II";8
"347";"IV";11
"348";"II";8
"349";"II";8
"350";"II";8
"351";"II";8
"352";"II";8
"353";"IV";11
"354";"Veneer";18
"355";"Veneer";18
"356";"III";9
"357";NA;NA
"358";"Coroa";2
"359";"III";9
"360";"Veneer";18
"361";"II";8
"362";"II";8
"363";"III";9
"364";"V";16
"365";"II";8
"366";"II";8
"367";"Veneer";18
"368";"Veneer";18
"369";NA;NA
"370";"III";9
"371";"III";9
"372";NA;NA
"373";"III";9
"374";NA;NA
"375";"III";9
"376";"V";16
"377";"II";8
"378";"V";16
"379";"II";8
"380";"II";8
"381";"II";8
"382";"V";16
"383";"V";16
"384";"II";8
"385";"V";16
"386";"II";8
"387";"II";8
"388";"I";6
"389";"V";16
"390";"V";16
"391";"II";8
"392";"II";8
"393";"II";8
"394";"IV";11
"395";"Veneer";18
"396";"Veneer";18
"397";"Veneer";18
"398";"Veneer";18
"399";"Veneer";18
"400";"Veneer";18
"401";"IV";11
"402";"I";6
"403";"Veneer";18
"404";"Veneer";18
"405";"Veneer";18
"406";"Reconstituição";14
"407";"Veneer";18
"408";"I";6
"409";"V";16
"410";"Veneer";18
"411";"II";8
"412";"Veneer";18
"413";"II";8
"414";"II";8
"415";"II";8
"416";"Reconstituição";14
"417";"II";8
"418";"II";8
"419";"I";6
"420";"II";8
"421";"I";6
"422";"Veneer";18
"423";"Veneer";18
"424";"Veneer";18
"425";NA;NA
"426";"Veneer";18
"427";"Veneer";18
"428";"IV";11
"429";"Veneer";18
"430";"Veneer";18
"431";"Veneer";18
"432";"II";8
"433";"III";9
"434";"Veneer";18
"435";"IV";11
"436";"Veneer";18
"437";"II";8
"438";"II";8
"439";"Reconstituição";14
"440";"II";8
"441";"III";9
"442";"III";9
"443";"III";9
"444";"III";9
"445";"III";9
"446";"III";9
"447";"II";8
"448";"II";8
"449";NA;NA
"450";NA;NA
"451";"V";16
"452";"II";8
"453";"II";8
"454";"IV";11
"455";"II";8
"456";"II";8
"457";"II";8
"458";"I";6
"459";NA;NA
"460";NA;NA
"461";"II";8
"462";"V";16
"463";"II";8
"464";NA;NA
"465";"I";6
"466";"V";16
"467";"V";16
"468";"II";8
"469";"V";16
"470";"V";16
"471";"II";8
"472";NA;NA
"473";"V";16
"474";"V";16
"475";"V";16
"476";"II";8
"477";"V";16
"478";"I";6
"479";"II";8
"480";"II";8
"481";"III";9
"482";"Veneer";18
"483";"Veneer";18
"484";"II";8
"485";NA;NA
"486";"II";8
"487";"I";6
"488";"Coroa pura";3
"489";"II";8
"490";"II";8
"491";"II";8
"492";"V";16
"493";"V";16
"494";"V";16
"495";"V";16
"496";"II";8
"497";"Veneer";18
"498";"Veneer";18
"499";"III";9
"500";"Veneer";18
"501";"III";9
"502";"Veneer";18
"503";"III";9
"504";"Veneer";18
"505";"V";16
"506";"III";9
"507";"I";6
"508";"Veneer";18
"509";NA;NA
"510";"III";9
"511";"Veneer";18
"512";NA;NA
"513";"III";9
"514";NA;NA
"515";"II";8
"516";"II";8
"517";"II";8
"518";"II";8
"519";NA;NA
"520";"II";8
"521";"II";8
"522";"V+I";17
"523";"II";8
"524";NA;NA
"525";"II";8
"526";"II";8
"527";"II";8
"528";"II";8
"529";"II";8
"530";"II";8
"531";"II";8
"532";"II";8
"533";"II";8
"534";"II";8
"535";"II";8
"536";"Veneer";18
"537";NA;NA
"538";"Veneer";18
"539";"I";6
"540";"I";6
"541";"I";6
"542";"Reconstituição";14
"543";"I";6
"544";"II";8
"545";"II";8
"546";"I";6
"547";"II";8
"548";"II";8
"549";NA;NA
"550";"V";16
"551";"V";16
"552";"II";8
"553";"II";8
"554";"II";8
"555";"I+V";7
"556";"Veneer";18
"557";NA;NA
"558";NA;NA
"559";NA;NA
"560";"Veneer";18
"561";"III";9
"562";NA;NA
"563";NA;NA
"564";NA;NA
"565";NA;NA
"566";NA;NA
"567";"Veneer";18
"568";"III";9
"569";NA;NA
"570";NA;NA
"571";NA;NA
"572";NA;NA
"573";NA;NA
"574";"Veneer";18
"575";"III";9
"576";NA;NA
"577";NA;NA
"578";"Veneer";18
"579";"Veneer";18
"580";NA;NA
"581";NA;NA
"582";NA;NA
"583";NA;NA
"584";"II";8
"585";"V";16
"586";"Veneer";18
"587";"II";8
"588";"II";8
"589";"II";8
"590";"I";6
"591";"II";8
"592";"II";8
"593";"I";6
"594";"II";8
"595";"I";6
"596";"Reconstituição";14
"597";"I";6
"598";"II";8
"599";"IV";11
"600";"III";9
"601";"IV";11
"602";"III";9
"603";"III";9
"604";"II";8
"605";"Reconstituição";14
"606";"I";6
"607";"I";6
"608";"I";6
"609";"I";6
"610";"I";6
"611";"II";8
"612";"I";6
"613";"II";8
"614";"III";9
"615";NA;NA
"616";"III";9
"617";"III";9
"618";"III";9
"619";"II";8
"620";"II";8
"621";"II";8
"622";"II";8
"623";"II";8
"624";"II";8
"625";"II";8
"626";"II";8
"627";"II";8
"628";"II";8
"629";NA;NA
"630";"I";6
"631";"I";6
"632";"II";8
"633";"II";8
"634";"II";8
"635";"II";8
"636";"II";8
"637";"III";9
"638";"II";8
"639";"V";16
"640";"II";8
"641";"V";16
"642";"Veneer";18
"643";"II";8
"644";"V";16
"645";"V";16
"646";"II";8
"647";"V";16
"648";"V";16
"649";"Veneer";18
"650";"II";8
"651";"Veneer";18
"652";"III";9
"653";NA;NA
"654";"Veneer";18
"655";"V";16
"656";"Veneer";18
"657";"I";6
"658";"Veneer";18
"659";NA;NA
"660";"Veneer";18
"661";"Veneer";18
"662";NA;NA
"663";NA;NA
"664";NA;NA
"665";NA;NA
"666";NA;NA
"667";"Veneer";18
"668";"Veneer";18
"669";NA;NA
"670";NA;NA
"671";"Veneer";18
"672";"V";16
"673";"V";16
"674";"V";16
"675";"V";16
"676";"V";16
"677";"V";16
"678";"V";16
"679";"V";16
"680";"Reconstituição";14
"681";"V";16
"682";"IV";11
"683";"III";9
"684";"IV";11
"685";"IV";11
"686";"II";8
"687";"I";6
"688";"Reconstituição";14
"689";"I";6
"690";"Reconstituição";14
"691";"II";8
"692";NA;NA
"693";"II";8
"694";"II";8
"695";"II";8
"696";"I";6
"697";"V";16
"698";"IV";11
"699";"Reconstituição";14
"700";NA;NA
"701";"Reconstituição";14
"702";"Coroa";2
"703";"Reconstituição";14
"704";"Veneer";18
"705";"Veneer";18
"706";"Veneer";18
"707";"Veneer";18
"708";"Veneer";18
"709";"Veneer";18
"710";NA;NA
"711";"Veneer";18
"712";"Veneer";18
"713";"Veneer";18
"714";"Veneer";18
"715";"Veneer";18
"716";NA;NA
"717";"Veneer";18
"718";"Veneer";18
"719";"II";8
"720";"II";8
"721";"II";8
"722";"II";8
"723";"V";16
"724";"II";8
"725";"Reconstituição";14
"726";"II";8
"727";"II";8
"728";"II";8
"729";"II";8
"730";"II";8
"731";"I";6
"732";"I";6
"733";"II";8
"734";"V";16
"735";"II";8
"736";"II";8
"737";"Veneer";18
"738";NA;NA
"739";"Veneer";18
"740";"Veneer";18
"741";"Veneer";18
"742";"Veneer";18
"743";"Veneer";18
"744";NA;NA
"745";"IV";11
"746";NA;NA
"747";NA;NA
"748";NA;NA
"749";NA;NA
"750";"Veneer";18
"751";"Veneer";18
"752";NA;NA
"753";NA;NA
"754";NA;NA
"755";NA;NA
"756";"Veneer";18
"757";"II";8
"758";"II";8
"759";"Reconstituição";14
"760";"II";8
"761";NA;NA
"762";"Veneer";18
"763";NA;NA
"764";"III";9
"765";NA;NA
"766";"Veneer";18
"767";NA;NA
"768";NA;NA
"769";"Veneer";18
"770";"III";9
"771";NA;NA
"772";"Veneer";18
"773";"III";9
"774";NA;NA
"775";"II";8
"776";"Reconstituição";14
"777";"II";8
"778";"II";8
"779";"III";9
"780";NA;NA
"781";"III";9
"782";NA;NA
"783";"V";16
"784";NA;NA
"785";"II";8
"786";"I";6
"787";"II";8
"788";"II";8
"789";"II";8
"790";"I";6
"791";"I";6
"792";"II";8
"793";"II";8
"794";"I";6
"795";"I";6
"796";"I";6
"797";"IV";11
"798";"IV";11
"799";"I";6
"800";"Reconstituição";14
"801";"Veneer";18
"802";"Veneer";18
"803";"Veneer";18
"804";"II";8
"805";"II";8
"806";"II";8
"807";"II";8
"808";"I";6
"809";"II";8
"810";"II";8
"811";"I";6
"812";"I";6
"813";"II";8
"814";"II";8
"815";"II";8
"816";"Veneer";18
"817";"Veneer";18
"818";"Veneer";18
"819";"IV";11
"820";"V";16
"821";"IV";11
"822";NA;NA
"823";"Veneer";18
"824";"V";16
"825";"V";16
"826";"V";16
"827";"II";8
"828";"V";16
"829";"II";8
"830";"V";16
"831";"Reconstituição";14
"832";"Veneer";18
"833";"II";8
"834";"V";16
"835";"I";6
"836";"II";8
"837";"II";8
"838";"II";8
"839";"II";8
"840";"II";8
"841";"II";8
"842";"Onlay";12
"843";"II";8
"844";"II";8
"845";"II";8
"846";"II";8
"847";"II";8
"848";"II";8
"849";"III";9
"850";"Veneer";18
"851";"Reconstituição";14
"852";"Veneer";18
"853";"Reconstituição";14
"854";NA;NA
"855";NA;NA
"856";NA;NA
"857";"Reconstituição";14
"858";"V";16
"859";"Veneer";18
"860";"V";16
"861";"V";16
"862";"V";16
"863";"V";16
"864";"V";16
"865";"V";16
"866";"II";8
"867";"II";8
"868";"II";8
"869";"III";9
"870";"V";16
"871";"Reconstituição";14
"872";"II";8
"873";"II";8
"874";"II";8
"875";"II";8
"876";"Reconstituição";14
"877";"I";6
"878";"I";6
"879";"II";8
"880";"II";8
"881";"II";8
"882";"III";9
"883";"II";8
"884";"I";6
"885";"I";6
"886";"I";6
"887";"Reconstituição";14
"888";"Reconstituição";14
"889";"II";8
"890";"I";6
"891";"Veneer";18
"892";"Veneer";18
"893";"Veneer";18
"894";"Veneer";18
"895";"Veneer";18
"896";"Veneer";18
"897";"Veneer";18
"898";NA;NA
"899";"Veneer";18
"900";NA;NA
"901";NA;NA
"902";"IV";11
"903";"Veneer";18
"904";NA;NA
"905";NA;NA
"906";"IV";11
"907";"II";8
"908";"Veneer";18
"909";NA;NA
"910";"II";8
"911";"II";8
"912";"II";8
"913";"I";6
"914";"I";6
"915";"I";6
"916";"II";8
"917";"I";6
"918";"II";8
"919";"V";16
"920";"II";8
"921";"II";8
"922";"V";16
"923";"II";8
"924";NA;NA
"925";"I";6
"926";"I";6
"927";"I";6
"928";"II";8
"929";"II";8
"930";"II";8
"931";"Reconstituição";14
"932";"II";8
"933";"II";8
"934";"II";8
"935";NA;NA
"936";"I";6
"937";"II";8
"938";"V";16
"939";"I";6
"940";"III";9
"941";"Veneer";18
"942";"Veneer";18
"943";NA;NA
"944";"Veneer";18
"945";"II";8
"946";"II";8
"947";"III";9
"948";"Veneer";18
"949";"II";8
"950";"II";8
"951";"II";8
"952";"Veneer";18
"953";NA;NA
"954";"Veneer";18
"955";"III";9
"956";"II";8
"957";"I";6
"958";"II";8
"959";"III";9
"960";"Veneer";18
"961";"III";9
"962";"Veneer";18
"963";"III";9
"964";"II";8
"965";"II";8
"966";"II";8
"967";"I";6
"968";"II";8
"969";"II";8
"970";"II";8
"971";"II";8
"972";"II";8
"973";"II";8
"974";"II";8
"975";"I";6
"976";"II";8
"977";"II";8
"978";"I";6
"979";"I";6
"980";"II";8
"981";"I";6
"982";"II";8
"983";"II";8
"984";"I";6
"985";"III";9
"986";"Veneer";18
"987";"Veneer";18
"988";"Veneer";18
"989";"Veneer";18
"990";"Veneer";18
"991";"Veneer";18
"992";"Veneer";18
"993";"Veneer";18
"994";"II";8
"995";"Onlay";12
"996";"II";8
"997";"Onlay";12
"998";"II";8
"999";"Onlay";12
"1000";"II";8
"1001";"Onlay";12
"1002";"III";9
"1003";"III";9
"1004";"III";9
"1005";"Veneer";18
"1006";"III";9
"1007";"II";8
"1008";"II";8
"1009";"V";16
"1010";"II";8
"1011";"V";16
"1012";"I";6
"1013";"V";16
"1014";"II";8
"1015";"II";8
"1016";"I";6
"1017";"Veneer";18
"1018";"Veneer";18
"1019";"III";9
"1020";"Veneer";18
"1021";"II";8
"1022";"Reconstituição";14
"1023";"V";16
"1024";"II";8
"1025";"II";8
"1026";"I";6
"1027";"I";6
"1028";"II";8
"1029";"II";8
"1030";"II";8
"1031";"V";16
"1032";"III";9
"1033";"V";16
"1034";"II";8
"1035";"II";8
"1036";"I";6
"1037";"I";6
"1038";"II";8
"1039";"II";8
"1040";"II";8
"1041";"I";6
"1042";"II";8
"1043";"I";6
"1044";"II";8
"1045";"II";8
"1046";"II";8
"1047";"Veneer";18
"1048";NA;NA
"1049";NA;NA
"1050";"Veneer";18
"1051";NA;NA
"1052";"II";8
"1053";"II";8
"1054";"II";8
"1055";"II";8
"1056";NA;NA
"1057";"I";6
"1058";"II";8
"1059";"II";8
"1060";"I";6
"1061";"II";8
"1062";"II";8
"1063";"I";6
"1064";"I";6
"1065";"II";8
"1066";"II";8
"1067";"II";8
"1068";"I";6
"1069";"III";9
"1070";"Reconstituição";14
"1071";NA;NA
"1072";"Reconstituição";14
"1073";"II";8
"1074";"II";8
"1075";"II";8
"1076";"II";8
"1077";"II";8
"1078";"II";8
"1079";"II";8
"1080";"II";8
"1081";"II";8
"1082";"II";8
"1083";"II";8
"1084";"II";8
"1085";"II";8
"1086";"Veneer";18
"1087";"Veneer";18
"1088";"Veneer";18
"1089";"Veneer";18
"1090";"Veneer";18
"1091";"Veneer";18
"1092";"II";8
"1093";"III";9
"1094";"Veneer";18
"1095";"Veneer";18
"1096";"Veneer";18
"1097";"Veneer";18
"1098";"Veneer";18
"1099";"Veneer";18
"1100";"Veneer";18
"1101";"Reconstituição";14
"1102";"II";8
"1103";"II";8
"1104";"II";8
"1105";"II";8
"1106";"II";8
"1107";NA;NA
"1108";NA;NA
"1109";"Reconstituição";14
"1110";"II";8
"1111";"I";6
"1112";NA;NA
"1113";"II";8
"1114";"II";8
"1115";"II";8
"1116";"Veneer";18
"1117";"IV";11
"1118";NA;NA
"1119";NA;NA
"1120";NA;NA
"1121";NA;NA
"1122";"II";8
"1123";"V";16
"1124";"III";9
"1125";NA;NA
"1126";"Veneer";18
"1127";NA;NA
"1128";NA;NA
"1129";NA;NA
"1130";"III";9
"1131";NA;NA
"1132";"Reconstituição";14
"1133";"II";8
"1134";"II";8
"1135";"V";16
"1136";"I";6
"1137";"V";16
"1138";"V";16
"1139";"I";6
"1140";"II";8
"1141";"III";9
"1142";"II";8
"1143";"III";9
"1144";"III";9
"1145";"Reconstituição";14
"1146";"II";8
"1147";"I";6
"1148";"II";8
"1149";"Veneer+Ribbond";19
"1150";NA;NA
"1151";NA;NA
"1152";NA;NA
"1153";"Coroa sobre implante";4
"1154";"I";6
"1155";"Veneer";18
"1156";"Veneer";18
"1157";"Veneer";18
"1158";"I";6
"1159";"Reconstituição";14
"1160";"V";16
"1161";"Reconstituição";14
"1162";"II";8
"1163";"I";6
"1164";"Reconstituição";14
"1165";"Reconstituição";14
"1166";"II";8
"1167";"II";8
"1168";"II";8
"1169";"II";8
"1170";"II";8
"1171";"II";8
"1172";"I";6
"1173";"II";8
"1174";"Reconstituição com pino";15
"1175";"II";8
"1176";"Reconstituição";14
"1177";"II";8
"1178";"II";8
"1179";NA;NA
"1180";"Veneer";18
"1181";"Veneer";18
"1182";"II";8
"1183";NA;NA
"1184";NA;NA
"1185";NA;NA
"1186";"II";8
"1187";"II";8
"1188";"Reconstituição";14
"1189";"II";8
"1190";"Veneer";18
"1191";NA;NA
"1192";"II";8
"1193";"II";8
"1194";NA;NA
"1195";"II";8
"1196";"III";9
"1197";"III+Veneer";10
"1198";"III";9
"1199";"III+Veneer";10
"1200";"II";8
"1201";"II";8
"1202";NA;NA
"1203";"Reconstituição";14
"1204";"I";6
"1205";"II";8
"1206";"Overlay";13
"1207";"I";6
"1208";"I";6
"1209";"I";6
"1210";"Overlay";13
"1211";"Reconstituição";14
"1212";"II";8
"1213";"I";6
"1214";"I";6
"1215";"II";8
"1216";"Veneer";18
"1217";"Veneer";18
"1218";"Veneer";18
"1219";"Veneer";18
"1220";"Veneer";18
"1221";"Veneer";18
"1222";"II";8
"1223";"II";8
"1224";"Veneer";18
"1225";"Veneer";18
"1226";"Veneer";18
"1227";"Veneer";18
"1228";"Veneer";18
"1229";"Veneer";18
"1230";"Veneer";18
"1231";"Reconstituição";14
"1232";"II";8
"1233";"V";16
"1234";"Reconstituição";14
"1235";"III";9
"1236";"Veneer";18
"1237";"Coroa";2
"1238";"Veneer";18
"1239";NA;NA
"1240";"Coroa";2
"1241";"II";8
"1242";"V";16
"1243";"I";6
"1244";"Reconstituição";14
"1245";"I";6
"1246";"I";6
"1247";"I";6
"1248";"I";6
"1249";"I";6
"1250";"I";6
"1251";"V";16
"1252";"II";8
"1253";"V";16
"1254";"III";9
"1255";"III";9
"1256";"III";9
"1257";NA;NA
"1258";NA;NA
"1259";"Veneer";18
"1260";"III";9
"1261";"Veneer";18
"1262";"II";8
"1263";"II";8
"1264";"II";8
"1265";"Reconstituição";14
"1266";"V";16
"1267";"Veneer";18
"1268";"II";8
"1269";"II";8
"1270";"II";8
"1271";"Reconstituição";14
"1272";"I";6
"1273";"II";8
"1274";"II";8
"1275";"II";8
"1276";"II";8
"1277";"I";6
"1278";"II";8
"1279";NA;NA
"1280";"II";8
"1281";"Veneer";18
"1282";"V";16
"1283";"II";8
"1284";"II";8
"1285";"Veneer";18
"1286";NA;NA
"1287";NA;NA
"1288";NA;NA
"1289";NA;NA
"1290";NA;NA
"1291";NA;NA
"1292";NA;NA
"1293";NA;NA
"1294";"Veneer";18
"1295";"Veneer";18
"1296";NA;NA
"1297";NA;NA
"1298";NA;NA
"1299";NA;NA
"1300";"Veneer";18
"1301";"V";16
"1302";"V";16
"1303";"Veneer";18
"1304";NA;NA
"1305";"Veneer";18
"1306";"V";16
"1307";"Veneer";18
"1308";"Reconstituição";14
"1309";NA;NA
"1310";NA;NA
"1311";"II";8
"1312";NA;NA
"1313";NA;NA
"1314";"I";6
"1315";"II";8
"1316";"I";6
"1317";NA;NA
"1318";"I";6
"1319";"I";6
"1320";"I";6
"1321";"I";6
"1322";"II";8
"1323";"II";8
"1324";"II";8
"1325";"Veneer";18
"1326";NA;NA
"1327";NA;NA
"1328";NA;NA
"1329";NA;NA
"1330";NA;NA
"1331";NA;NA
"1332";NA;NA
"1333";NA;NA
"1334";NA;NA
"1335";NA;NA
"1336";NA;NA
"1337";NA;NA
"1338";NA;NA
"1339";NA;NA
"1340";"Veneer";18
"1341";NA;NA
"1342";NA;NA
"1343";NA;NA
"1344";NA;NA
"1345";"Veneer";18
"1346";NA;NA
"1347";NA;NA
"1348";NA;NA
"1349";NA;NA
"1350";NA;NA
"1351";NA;NA
"1352";NA;NA
"1353";NA;NA
"1354";"Veneer";18
"1355";NA;NA
"1356";"Veneer";18
"1357";NA;NA
"1358";"Veneer";18
"1359";NA;NA
"1360";NA;NA
"1361";"Veneer";18
"1362";NA;NA
"1363";NA;NA
"1364";"Veneer";18
"1365";NA;NA
"1366";"Veneer";18
"1367";"Veneer";18
"1368";"II";8
"1369";"Veneer";18
"1370";"II";8
"1371";"II";8
"1372";"II";8
"1373";"II";8
"1374";"III";9
"1375";"III";9
"1376";"V";16
"1377";"II";8
"1378";"II";8
"1379";"I";6
"1380";"II";8
"1381";"II";8
"1382";"II";8
"1383";"II";8
"1384";"II";8
"1385";"I";6
"1386";"II";8
"1387";"II";8
"1388";"Reconstituição";14
"1389";"III";9
"1390";"II";8
"1391";"II";8
"1392";"V";16
"1393";"II";8
"1394";"III";9
"1395";"V";16
"1396";"Reconstituição";14
"1397";"III";9
"1398";"Veneer";18
"1399";"Veneer";18
"1400";"Veneer";18
"1401";"Veneer";18
"1402";"Veneer";18
"1403";"Veneer";18
"1404";"V";16
"1405";"V";16
"1406";"V";16
"1407";"II";8
"1408";"V";16
"1409";"IV";11
"1410";NA;NA
"1411";"III";9
"1412";"V";16
"1413";"II";8
"1414";"II";8
"1415";"II";8
"1416";"Reconstituição";14
"1417";"I";6
"1418";"I";6
"1419";"I";6
"1420";"Reconstituição";14
"1421";"II";8
"1422";"II";8
"1423";"I";6
"1424";"II";8
"1425";"Reconstituição";14
"1426";"V";16
"1427";"II";8
"1428";"II";8
"1429";"II";8
"1430";"II";8
"1431";"II";8
"1432";"II";8
"1433";"IV";11
"1434";"III";9
"1435";"III";9
"1436";"III";9
"1437";"Veneer";18
"1438";"IV";11
"1439";"IV";11
"1440";"Veneer";18
"1441";"Veneer";18
"1442";"II";8
"1443";"II";8
"1444";"II";8
"1445";"II";8
"1446";"Onlay";12
"1447";"II";8
"1448";"II";8
"1449";"II";8
"1450";"II";8
"1451";"Veneer";18
"1452";"Veneer";18
"1453";NA;NA
"1454";"Veneer";18
"1455";"Veneer";18
"1456";"Veneer";18
"1457";"Veneer";18
"1458";NA;NA
"1459";NA;NA
"1460";"Veneer";18
"1461";"Veneer";18
"1462";"III";9
"1463";"Veneer";18
"1464";"Veneer";18
"1465";"V";16
"1466";"Veneer";18
"1467";NA;NA
"1468";NA;NA
"1469";NA;NA
"1470";NA;NA
"1471";"Veneer";18
"1472";"Veneer";18
"1473";NA;NA
"1474";NA;NA
"1475";"V";16
"1476";"V";16
"1477";"Veneer";18
"1478";NA;NA
"1479";"IV";11
"1480";"V";16
"1481";"V";16
"1482";"III";9
"1483";"Veneer";18
"1484";"Veneer";18
"1485";"III";9
"1486";NA;NA
"1487";"Veneer";18
"1488";"Veneer";18
"1489";"Veneer";18
"1490";"Veneer";18
"1491";"III";9
"1492";"Veneer";18
"1493";"II";8
"1494";"Reconstituição";14
"1495";"V";16
"1496";"I";6
"1497";"Veneer";18
"1498";"Veneer";18
"1499";"Veneer";18
"1500";"II";8
"1501";"II";8
"1502";"II";8
"1503";"II";8
"1504";"V";16
"1505";"Veneer";18
"1506";"II";8
"1507";"Veneer";18
"1508";"Veneer";18
"1509";"Veneer";18
"1510";"II";8
"1511";"II";8
"1512";"II";8
"1513";"II";8
"1514";"V";16
"1515";"III";9
"1516";"V";16
"1517";"V";16
"1518";"V";16
"1519";"II";8
"1520";"Veneer";18
"1521";"Veneer";18
"1522";"I";6
"1523";"I";6
"1524";"I";6
"1525";"II";8
"1526";"Veneer";18
"1527";"III";9
"1528";"Veneer";18
"1529";"Veneer";18
"1530";NA;NA
"1531";NA;NA
"1532";NA;NA
"1533";"Veneer";18
"1534";NA;NA
"1535";"Veneer";18
"1536";NA;NA
"1537";"Veneer";18
"1538";"III";9
"1539";"Reconstituição";14
"1540";"Reconstituição";14
"1541";"Reconstituição";14
"1542";"Reconstituição";14
"1543";"Veneer";18
"1544";"Reconstituição";14
"1545";"V";16
"1546";"II";8
"1547";"II";8
"1548";"II";8
"1549";"V";16
"1550";"V";16
"1551";"II";8
"1552";"II";8
"1553";"II";8
"1554";"V";16
"1555";"II";8
"1556";"II";8
"1557";"I";6
"1558";"V";16
"1559";"Reconstituição";14
"1560";NA;NA
"1561";"V+I";17
"1562";"II";8
"1563";NA;NA
"1564";"Veneer";18
"1565";"Veneer";18
"1566";"Veneer";18
"1567";"Veneer";18
"1568";"Veneer";18
"1569";"Veneer";18
"1570";"Veneer";18
"1571";"Veneer";18
"1572";"Veneer";18
"1573";"Veneer";18
"1574";"Veneer";18
"1575";NA;NA
"1576";"Veneer";18
"1577";"Veneer";18
"1578";"II";8
"1579";"II";8
"1580";NA;NA
"1581";"II";8
"1582";NA;NA
"1583";"V";16
"1584";"Veneer";18
"1585";"V";16
"1586";"V";16
"1587";"IV";11
"1588";"III";9
"1589";"III";9
"1590";"III";9
"1591";"II";8
"1592";"I";6
"1593";"III";9
"1594";"II";8
"1595";"II";8
"1596";"II";8
"1597";"II";8
"1598";"IV";11
"1599";"IV";11
"1600";"III";9
"1601";"IV";11
"1602";NA;NA
"1603";"IV";11
"1604";"II";8
"1605";"II";8
"1606";"II";8
"1607";"II";8
"1608";"II";8
"1609";"II";8
"1610";"II";8
"1611";"II";8
"1612";"II";8
"1613";"II";8
"1614";"II";8
"1615";"II";8
"1616";"II";8
"1617";"I";6
"1618";"II";8
"1619";"II";8
"1620";"II";8
"1621";"II";8
"1622";"Veneer";18
"1623";NA;NA
"1624";NA;NA
"1625";"III";9
"1626";NA;NA
"1627";NA;NA
"1628";NA;NA
"1629";"Veneer";18
"1630";"Veneer";18
"1631";NA;NA
"1632";"Veneer";18
"1633";"Veneer";18
"1634";NA;NA
"1635";"Veneer";18
"1636";"Veneer";18
"1637";"Veneer";18
"1638";"III";9
"1639";"III";9
"1640";"II";8
"1641";NA;NA
"1642";"II";8
"1643";"Reconstituição";14
"1644";"Veneer";18
"1645";"Veneer";18
"1646";"Veneer";18
"1647";"Veneer";18
"1648";"Veneer";18
"1649";NA;NA
"1650";"Veneer";18
"1651";"Veneer";18
"1652";"Veneer";18
"1653";"Veneer";18
"1654";"Veneer";18
"1655";"Veneer";18
"1656";"Veneer";18
"1657";"IV";11
"1658";NA;NA
"1659";"II";8
"1660";"II";8
"1661";"II";8
"1662";"I";6
"1663";"I";6
"1664";"I";6
"1665";"II";8
"1666";"I";6
"1667";"Reconstituição";14
"1668";"II";8
"1669";"II";8
"1670";"II";8
"1671";"II";8
"1672";"I";6
"1673";"I";6
"1674";"I";6
"1675";"I";6
"1676";"II";8
"1677";"Reconstituição";14
"1678";"V";16
"1679";"V";16
"1680";"II";8
"1681";"II";8
"1682";"II";8
"1683";"II";8
"1684";"II";8
"1685";"II";8
"1686";"II";8
"1687";"III";9
"1688";"Veneer";18
"1689";"III";9
"1690";"III";9
"1691";"II";8
"1692";"II";8
"1693";"V";16
"1694";"III";9
"1695";"V";16
"1696";"V";16
"1697";"V";16
"1698";"II";8
"1699";"Veneer";18
"1700";NA;NA
"1701";NA;NA
"1702";NA;NA
"1703";NA;NA
"1704";NA;NA
"1705";"Veneer";18
"1706";NA;NA
"1707";NA;NA
"1708";"Veneer";18
"1709";NA;NA
"1710";NA;NA
"1711";"Veneer";18
"1712";"Veneer";18
"1713";NA;NA
"1714";"Veneer";18
"1715";"Veneer";18
"1716";"V";16
"1717";"II";8
"1718";"Veneer";18
"1719";"II";8
"1720";"II";8
"1721";"II";8
"1722";"I";6
"1723";"II";8
"1724";"I";6
"1725";"II";8
"1726";"I";6
"1727";"Veneer";18
"1728";"Veneer";18
"1729";"II";8
"1730";"II";8
"1731";"II";8
"1732";"II";8
"1733";"II";8
"1734";"II";8
"1735";"Veneer";18
"1736";NA;NA
"1737";NA;NA
"1738";"Veneer";18
"1739";"Veneer";18
"1740";NA;NA
"1741";"IV";11
"1742";"III";9
"1743";"V";16
"1744";"Veneer";18
"1745";NA;NA
"1746";NA;NA
"1747";NA;NA
"1748";"Veneer";18
"1749";NA;NA
"1750";"Veneer";18
"1751";"III";9
"1752";"V";16
"1753";"I";6
"1754";NA;NA
"1755";"Reconstituição";14
"1756";"III";9
"1757";"II";8
"1758";"Reconstituição";14
"1759";"II";8
"1760";"II";8
"1761";"II";8
"1762";NA;NA
"1763";"II";8
"1764";"II";8
"1765";"Veneer";18
"1766";"V";16
"1767";"II";8
"1768";"III";9
"1769";"III";9
"1770";"Veneer";18
"1771";"Veneer";18
"1772";"I";6
"1773";NA;NA
"1774";"II";8
"1775";"II";8
"1776";NA;NA
"1777";"II";8
"1778";"II";8
"1779";"I";6
"1780";"II";8
"1781";"II";8
"1782";"II";8
"1783";"II";8
"1784";"II";8
"1785";"II";8
"1786";"II";8
"1787";NA;NA
"1788";"Reconstituição";14
"1789";"II";8
"1790";"II";8
"1791";"II";8
"1792";"I";6
"1793";"Veneer";18
"1794";"Veneer";18
"1795";"Veneer";18
"1796";"Veneer";18
"1797";"II";8
"1798";"II";8
"1799";"II";8
"1800";"II";8
"1801";"Veneer";18
"1802";"Veneer";18
"1803";"Veneer";18
"1804";"Veneer";18
"1805";NA;NA
"1806";"Veneer";18
"1807";"Veneer";18
"1808";"II";8
"1809";"II";8
"1810";"IV";11
"1811";NA;NA
"1812";"IV";11
"1813";"II";8
"1814";"I";6
"1815";"II";8
"1816";"Veneer";18
"1817";"V";16
"1818";"III";9
"1819";"II";8
"1820";"II";8
"1821";NA;NA
"1822";"II";8
"1823";"Veneer";18
"1824";"V";16
"1825";"II";8
"1826";"II";8
"1827";"Veneer";18
"1828";"II";8
"1829";"II";8
"1830";"II";8
"1831";"V";16
"1832";"III";9
"1833";"IV";11
"1834";"I";6
"1835";"I";6
"1836";"I";6
"1837";"II";8
"1838";"II";8
"1839";"III";9
"1840";NA;NA
"1841";"Veneer";18
"1842";"III";9
"1843";NA;NA
"1844";"Veneer";18
"1845";"II";8
"1846";"II";8
"1847";"Veneer";18
"1848";NA;NA
"1849";"II";8
"1850";"II";8
"1851";"II";8
"1852";"I";6
"1853";"I";6
"1854";"II";8
"1855";"II";8
"1856";"II";8
"1857";"III";9
"1858";"III";9
"1859";"V";16
"1860";"V";16
"1861";"I";6
"1862";"Veneer";18
"1863";NA;NA
"1864";NA;NA
"1865";"Veneer";18
"1866";"III";9
"1867";NA;NA
"1868";"Veneer";18
"1869";NA;NA
"1870";"Veneer";18
"1871";NA;NA
"1872";"III";9
"1873";NA;NA
"1874";"Veneer";18
"1875";NA;NA
"1876";"Veneer";18
"1877";"III";9
"1878";"Veneer";18
"1879";"Veneer";18
"1880";"Veneer";18
"1881";"Veneer";18
"1882";"Veneer";18
"1883";"Veneer";18
"1884";"Veneer";18
"1885";"V";16
"1886";"II";8
"1887";NA;NA
"1888";"II";8
"1889";"I";6
"1890";"I";6
"1891";"I";6
"1892";"I";6
"1893";"V";16
"1894";"V";16
"1895";"V";16
"1896";"V";16
"1897";"V";16
"1898";"V";16
"1899";"V";16
"1900";"Veneer";18
"1901";"Veneer";18
"1902";"Veneer";18
"1903";"Veneer";18
"1904";"IV";11
"1905";"Veneer";18
"1906";"Veneer";18
"1907";"V";16
"1908";"V";16
"1909";"II";8
"1910";"II";8
"1911";"II";8
"1912";"Veneer";18
"1913";"I";6
"1914";"II";8
"1915";"II";8
"1916";"Veneer";18
"1917";NA;NA
"1918";NA;NA
"1919";NA;NA
"1920";"Veneer";18
"1921";"Veneer";18
"1922";NA;NA
"1923";"I";6
"1924";"III";9
"1925";NA;NA
"1926";"IV";11
"1927";"Veneer";18
"1928";"Veneer";18
"1929";"II";8
"1930";"I";6
"1931";"Reconstituição";14
"1932";"II";8
"1933";"II";8
"1934";"II";8
"1935";"II";8
"1936";"Veneer";18
"1937";"Veneer";18
"1938";"Reconstituição";14
"1939";"Veneer";18
"1940";"Veneer";18
"1941";"Veneer";18
"1942";"Veneer";18
"1943";"Veneer";18
"1944";"Veneer";18
"1945";"II";8
"1946";"V";16
"1947";NA;NA
"1948";"II";8
"1949";"V";16
"1950";NA;NA
"1951";"Reconstituição";14
"1952";"V";16
"1953";"V";16
"1954";"II";8
"1955";"V";16
"1956";"Reconstituição";14
"1957";"II";8
"1958";"V";16
"1959";"Reconstituição";14
"1960";"V";16
"1961";"Reconstituição";14
"1962";"Reconstituição";14
"1963";"Reconstituição";14
"1964";"III";9
"1965";"V";16
"1966";"III";9
"1967";"III";9
"1968";"III";9
"1969";"III";9
"1970";"Veneer";18
"1971";"Veneer";18
"1972";NA;NA
"1973";NA;NA
"1974";"III";9
"1975";"Veneer";18
"1976";"Veneer";18
"1977";"Veneer";18
"1978";"IV";11
"1979";"IV";11
"1980";"Veneer";18
"1981";"Veneer";18
"1982";"IV";11
"1983";NA;NA
"1984";"IV";11
"1985";"Veneer";18
"1986";"Veneer";18
"1987";"Veneer";18
"1988";"Veneer";18
"1989";"Veneer";18
"1990";"Veneer";18
"1991";"Veneer";18
"1992";"III";9
"1993";"III";9
"1994";"Veneer";18
"1995";"Veneer";18
"1996";"II";8
"1997";"I";6
"1998";"II";8
"1999";"II";8
"2000";"I";6
"2001";"Veneer";18
"2002";"Veneer";18
"2003";"Veneer";18
"2004";"Veneer";18
"2005";"Veneer";18
"2006";"Veneer";18
"2007";"Veneer";18
"2008";"III";9
"2009";"I";6
"2010";"Veneer";18
"2011";"Veneer";18
"2012";"I";6
"2013";"Veneer";18
"2014";"Veneer";18
"2015";"Veneer";18
"2016";"V";16
"2017";"Veneer";18
"2018";"II";8
"2019";NA;NA
"2020";"II";8
"2021";"V";16
"2022";"II";8
"2023";"II";8
"2024";"Veneer";18
"2025";"Veneer";18
"2026";"V";16
"2027";"Veneer";18
"2028";"Reconstituição";14
"2029";"II";8
"2030";"V";16
"2031";"II";8
"2032";"I";6
"2033";"Veneer";18
"2034";"II";8
"2035";"II";8
"2036";"Reconstituição";14
"2037";"Veneer";18
"2038";"IV";11
"2039";"II";8
"2040";"II";8
"2041";"II";8
"2042";"V";16
"2043";NA;NA
"2044";"Veneer";18
"2045";"Veneer";18
"2046";"Veneer";18
"2047";"Veneer";18
"2048";"Veneer";18
"2049";"Veneer";18
"2050";"Veneer";18
"2051";"Veneer";18
"2052";"II";8
"2053";"II";8
"2054";"Reconstituição";14
"2055";"I";6
"2056";NA;NA
"2057";"I";6
"2058";"I";6
"2059";"Veneer";18
"2060";NA;NA
"2061";"IV";11
"2062";"I";6
"2063";"IV";11
"2064";NA;NA
"2065";NA;NA
"2066";"Veneer";18
"2067";NA;NA
"2068";"Veneer";18
"2069";NA;NA
"2070";"III";9
"2071";"Veneer";18
"2072";NA;NA
"2073";NA;NA
"2074";NA;NA
"2075";"Veneer";18
"2076";NA;NA
"2077";NA;NA
"2078";"Reconstituição";14
"2079";NA;NA
"2080";NA;NA
"2081";"Veneer";18
"2082";"Veneer";18
"2083";"III";9
"2084";"II";8
"2085";"III";9
"2086";"II";8
"2087";"II";8
"2088";"II";8
"2089";"II";8
"2090";"II";8
"2091";"I";6
"2092";"I";6
"2093";"II";8
"2094";"II";8
"2095";"II";8
"2096";"II";8
"2097";"II";8
"2098";"II";8
"2099";"II";8
"2100";"II";8
"2101";NA;NA
"2102";"Veneer";18
"2103";"Reconstituição";14
"2104";NA;NA
"2105";"II";8
"2106";"II";8
"2107";"V";16
"2108";"Veneer";18
"2109";"V";16
"2110";NA;NA
"2111";"II";8
"2112";"Reconstituição";14
"2113";"II";8
"2114";"Veneer";18
"2115";"II";8
"2116";NA;NA
"2117";"III";9
"2118";NA;NA
"2119";"II";8
"2120";"V";16
"2121";"V";16
"2122";"V";16
"2123";"V";16
"2124";"II";8
"2125";"V";16
"2126";"V";16
"2127";"II";8
"2128";"V";16
"2129";"V";16
"2130";"V";16
"2131";"V";16
"2132";"V";16
"2133";"II";8
"2134";"II";8
"2135";"II";8
"2136";"II";8
"2137";"II";8
"2138";"II";8
"2139";"II";8
"2140";NA;NA
"2141";"II";8
"2142";"II";8
"2143";"Reconstituição";14
"2144";"II";8
"2145";"II";8
"2146";"I";6
"2147";"V";16
"2148";"I";6
"2149";"Veneer";18
"2150";NA;NA
"2151";"Veneer";18
"2152";"V";16
"2153";"I";6
"2154";"I";6
"2155";"I";6
"2156";"II";8
"2157";"I";6
"2158";"I";6
"2159";"I";6
"2160";"IV";11
"2161";"I";6
"2162";"Reconstituição";14
"2163";"I";6
"2164";"III";9
"2165";"Veneer";18
"2166";"Veneer";18
"2167";"Veneer";18
"2168";"III";9
"2169";"II";8
"2170";"I";6
"2171";"III";9
"2172";"III";9
"2173";"II";8
"2174";"Reconstituição";14
"2175";"Veneer";18
"2176";"Veneer";18
"2177";"Veneer";18
"2178";"Veneer";18
"2179";"Veneer";18
"2180";"Veneer";18
"2181";"V";16
"2182";"V";16
"2183";"V";16
"2184";"II";8
"2185";"II";8
"2186";"I";6
"2187";"I";6
"2188";"Reconstituição";14
"2189";"II";8
"2190";"I";6
"2191";"I";6
"2192";"I";6
"2193";"II";8
"2194";"I";6
"2195";"II";8
"2196";"II";8
"2197";"I";6
"2198";"V";16
"2199";"V";16
"2200";"Veneer";18
"2201";"Veneer";18
"2202";"Veneer";18
"2203";"Veneer";18
"2204";"V";16
"2205";"Veneer";18
"2206";"III";9
"2207";"III";9
"2208";"II";8
"2209";"II";8
"2210";"II";8
"2211";"II";8
"2212";"II";8
"2213";"II";8
"2214";"II";8
"2215";"II";8
"2216";"II";8
"2217";"II";8
"2218";"II";8
"2219";"II";8
"2220";"II";8
"2221";"II";8
"2222";"II";8
"2223";"II";8
"2224";"II";8
"2225";"II";8
"2226";"II";8
"2227";"I";6
"2228";"I";6
"2229";"II";8
"2230";"I";6
"2231";"Reconstituição";14
"2232";"II";8
"2233";"Reconstituição";14
"2234";"Reconstituição";14
"2235";"Reconstituição";14
"2236";"Reconstituição";14
"2237";"Veneer";18
"2238";"IV";11
"2239";"IV";11
"2240";NA;NA
"2241";"IV";11
"2242";"IV";11
"2243";"I";6
"2244";"I";6
"2245";"III";9
"2246";"II";8
"2247";"II";8
"2248";"II";8
"2249";"II";8
"2250";"II";8
"2251";"I";6
"2252";"II";8
"2253";"I";6
"2254";"V";16
"2255";"V";16
"2256";"V";16
"2257";"II";8
"2258";"Reconstituição";14
"2259";"II";8
"2260";"V";16
"2261";"I";6
"2262";"I";6
"2263";"Reconstituição";14
"2264";"I";6
"2265";"I";6
"2266";"II";8
"2267";"I";6
"2268";"I";6
"2269";"Reconstituição";14
"2270";"Veneer";18
"2271";NA;NA
"2272";"Veneer";18
"2273";"Veneer";18
"2274";"Veneer";18
"2275";NA;NA
"2276";"Veneer";18
"2277";"Veneer";18
"2278";NA;NA
"2279";NA;NA
"2280";"Veneer";18
"2281";"Veneer";18
"2282";NA;NA
"2283";NA;NA
"2284";NA;NA
"2285";"Veneer";18
"2286";"Veneer";18
"2287";"V";16
"2288";"Veneer";18
"2289";"Veneer";18
"2290";"Veneer";18
"2291";"Veneer";18
"2292";"V";16
"2293";NA;NA
"2294";"Veneer";18
"2295";"Veneer";18
"2296";"Veneer";18
"2297";NA;NA
"2298";"Veneer";18
"2299";NA;NA
"2300";"II";8
"2301";"III";9
"2302";"II";8
"2303";"Coroa pura";3
"2304";"Veneer";18
"2305";"Veneer";18
"2306";NA;NA
"2307";"Coroa";2
"2308";NA;NA
"2309";NA;NA
"2310";"Veneer";18
"2311";"Veneer";18
"2312";"Veneer";18
"2313";"Coroa";2
"2314";"III";9
"2315";"III";9
"2316";"III";9
"2317";"III";9
"2318";"II";8
"2319";"Reconstituição";14
"2320";NA;NA
"2321";"II";8
"2322";"I";6
"2323";"III";9
"2324";"II";8
"2325";"III";9
"2326";"Reconstituição";14
"2327";"Reconstituição";14
"2328";"II";8
"2329";"II";8
"2330";"III";9
"2331";"II";8
"2332";"II";8
"2333";"II";8
"2334";"II";8
"2335";"II";8
"2336";NA;NA
"2337";"II";8
"2338";"II";8
"2339";"II";8
"2340";"II";8
"2341";"II";8
"2342";"Veneer";18
"2343";"Veneer";18
"2344";"Veneer";18
"2345";"Veneer";18
"2346";"II";8
"2347";"II";8
"2348";"I";6
"2349";"V";16
"2350";"Reconstituição";14
"2351";"II";8
"2352";"I";6
"2353";"III";9
"2354";"III";9
"2355";"Veneer";18
"2356";"V";16
"2357";"III";9
"2358";"Veneer";18
"2359";"III";9
"2360";NA;NA
"2361";"Veneer";18
"2362";NA;NA
"2363";NA;NA
"2364";NA;NA
"2365";NA;NA
"2366";"III";9
"2367";NA;NA
"2368";NA;NA
"2369";"Veneer";18
"2370";"II";8
"2371";NA;NA
"2372";"II";8
"2373";"II";8
"2374";"II";8
"2375";"II";8
"2376";"I";6
"2377";"II";8
"2378";"II";8
"2379";"II";8
"2380";"I";6
"2381";NA;NA
"2382";"V";16
"2383";"II";8
"2384";NA;NA
"2385";"V";16
"2386";"I";6
"2387";"II";8
"2388";"II";8
"2389";"V";16
"2390";"II";8
"2391";"Reconstituição";14
"2392";"II";8
"2393";"II";8
"2394";"V";16
"2395";"II";8
"2396";"Reconstituição";14
"2397";"V";16
"2398";"Reconstituição";14
"2399";"II";8
"2400";"Reconstituição";14
"2401";"I";6
"2402";"II";8
"2403";"III";9
"2404";"III";9
"2405";"Veneer";18
"2406";"IV";11
"2407";"Veneer";18
"2408";"V";16
"2409";"V";16
"2410";"Veneer";18
"2411";"Veneer";18
"2412";NA;NA
"2413";"III";9
"2414";"IV";11
"2415";NA;NA
"2416";"Reconstituição";14
"2417";"III";9
"2418";"II";8
"2419";"II";8
"2420";"III";9
"2421";"Veneer";18
"2422";"Veneer";18
"2423";"IV";11
"2424";"Veneer";18
"2425";"Veneer";18
"2426";NA;NA
"2427";"Veneer";18
"2428";NA;NA
"2429";"Veneer";18
"2430";"III";9
"2431";"Veneer";18
"2432";"I";6
"2433";"II";8
"2434";"V";16
"2435";"V";16
"2436";"V";16
"2437";"II";8
"2438";"II";8
"2439";"Veneer";18
"2440";"Veneer";18
"2441";"III";9
"2442";"Veneer";18
"2443";"V";16
"2444";"Veneer";18
"2445";"V";16
"2446";"V";16
"2447";"II";8
"2448";"Veneer";18
"2449";"V";16
"2450";"II";8
"2451";"I";6
"2452";"III";9
"2453";"II";8
"2454";"V";16
"2455";"II";8
"2456";"II";8
"2457";"II";8
"2458";"I";6
"2459";"I";6
"2460";"II";8
"2461";"II";8
"2462";"I";6
"2463";"I";6
"2464";"I";6
"2465";"I";6
"2466";"II";8
"2467";"II";8
"2468";"II";8
"2469";"II";8
"2470";"Veneer";18
"2471";NA;NA
"2472";NA;NA
"2473";NA;NA
"2474";"Veneer";18
"2475";NA;NA
"2476";NA;NA
"2477";"I";6
"2478";"III";9
"2479";"Reconstituição";14
"2480";"II";8
"2481";"III";9
"2482";"V";16
"2483";"II";8
"2484";"Veneer";18
"2485";NA;NA
"2486";"IV";11
"2487";NA;NA
"2488";"II";8
"2489";"II";8
"2490";"I";6
"2491";"I";6
"2492";"V";16
"2493";"IV";11
"2494";NA;NA
"2495";"Veneer";18
"2496";NA;NA
"2497";"III";9
"2498";"III";9
"2499";"III";9
"2500";"III";9
"2501";"II";8
"2502";"II";8
"2503";"II";8
"2504";"I";6
"2505";"Veneer";18
"2506";"III";9
"2507";"Veneer";18
"2508";"II";8
"2509";"Veneer";18
"2510";"I";6
"2511";"II";8
"2512";"II";8
"2513";"V";16
"2514";"I";6
"2515";"II";8
"2516";"II";8
"2517";"II";8
"2518";"Veneer";18
"2519";NA;NA
"2520";"Veneer";18
"2521";"II";8
"2522";"I";6
"2523";"I";6
"2524";"V";16
"2525";"I";6
"2526";"I";6
"2527";"I";6
"2528";"I";6
"2529";"Veneer";18
"2530";NA;NA
"2531";NA;NA
"2532";"Veneer";18
"2533";"Veneer";18
"2534";"II";8
"2535";"II";8
"2536";"Veneer";18
"2537";"Veneer";18
"2538";"Veneer";18
"2539";"Veneer";18
"2540";"Veneer";18
"2541";"Veneer";18
"2542";"Veneer";18
"2543";"Veneer";18
"2544";"II";8
"2545";NA;NA
"2546";"II";8
"2547";NA;NA
"2548";"II";8
"2549";"I";6
"2550";"V";16
"2551";"V";16
"2552";"V";16
"2553";"II";8
"2554";"II";8
"2555";"I";6
"2556";NA;NA
"2557";NA;NA
"2558";"II";8
"2559";NA;NA
"2560";NA;NA
"2561";"I";6
"2562";"IV";11
"2563";NA;NA
"2564";"Reconstituição";14
"2565";NA;NA
"2566";"II";8
"2567";"I";6
"2568";"II";8
"2569";"I";6
"2570";"I";6
"2571";"II";8
"2572";"I";6
"2573";"III";9
"2574";NA;NA
"2575";NA;NA
"2576";NA;NA
"2577";"III";9
"2578";"III";9
"2579";NA;NA
"2580";"III";9
"2581";NA;NA
"2582";"IV";11
"2583";NA;NA
"2584";"I";6
"2585";"II";8
"2586";"II";8
"2587";"II";8
"2588";"II";8
"2589";"II";8
"2590";"II";8
"2591";"II";8
"2592";"II";8
"2593";"V";16
"2594";"V";16
"2595";"V";16
"2596";"III";9
"2597";"Veneer";18
"2598";NA;NA
"2599";"Veneer";18
"2600";"Veneer";18
"2601";NA;NA
"2602";NA;NA
"2603";NA;NA
"2604";"Veneer";18
"2605";NA;NA
"2606";"Veneer";18
"2607";"Reconstituição";14
"2608";"I";6
"2609";"Veneer";18
"2610";"Reconstituição";14
"2611";"Veneer";18
"2612";"Coroa pura";3
"2613";"V";16
"2614";"III";9
"2615";"V";16
"2616";"Veneer";18
"2617";"Veneer";18
"2618";"Coroa pura";3
"2619";"Veneer";18
"2620";"Veneer";18
"2621";NA;NA
"2622";NA;NA
"2623";NA;NA
"2624";NA;NA
"2625";NA;NA
"2626";NA;NA
"2627";NA;NA
"2628";"Veneer";18
"2629";"Veneer";18
"2630";"Veneer";18
"2631";NA;NA
"2632";NA;NA
"2633";"IV";11
"2634";NA;NA
"2635";"IV";11
"2636";"Veneer";18
"2637";"II";8
"2638";"I";6
"2639";"II";8
"2640";"II";8
"2641";"Veneer";18
"2642";"Veneer";18
"2643";NA;NA
"2644";"Veneer";18
"2645";NA;NA
"2646";NA;NA
"2647";"Veneer";18
"2648";NA;NA
"2649";"Veneer";18
"2650";NA;NA
"2651";"Veneer";18
"2652";NA;NA
"2653";"Veneer";18
"2654";NA;NA
"2655";"Veneer";18
"2656";"Veneer";18
"2657";"Veneer";18
"2658";NA;NA
"2659";"Veneer";18
"2660";"Veneer";18
"2661";NA;NA
"2662";"II";8
"2663";"II";8
"2664";"Reconstituição";14
"2665";NA;NA
"2666";"II";8
"2667";"II";8
"2668";"II";8
"2669";NA;NA
"2670";"II";8
"2671";"I";6
"2672";NA;NA
"2673";"II";8
"2674";"Veneer";18
"2675";NA;NA
"2676";NA;NA
"2677";"Veneer";18
"2678";NA;NA
"2679";"IV";11
"2680";NA;NA
"2681";NA;NA
"2682";NA;NA
"2683";"I";6
"2684";"I";6
"2685";"V";16
"2686";"IV";11
"2687";NA;NA
"2688";"V";16
"2689";NA;NA
"2690";"Veneer";18
"2691";"Veneer";18
"2692";"II";8
"2693";"II";8
"2694";"III";9
"2695";"Reconstituição";14
"2696";"V";16
"2697";"II";8
"2698";"II";8
"2699";"I";6
"2700";"II";8
"2701";"II";8
"2702";"II";8
"2703";"II";8
"2704";"II";8
"2705";"IV";11
"2706";"IV";11
"2707";"III";9
"2708";"I";6
"2709";"IV";11
"2710";"IV";11
"2711";"IV";11
"2712";"V";16
"2713";"II";8
"2714";"V";16
"2715";"V";16
"2716";"II";8
"2717";"V";16
"2718";"V";16
"2719";NA;NA
"2720";"II";8
"2721";"II";8
"2722";"Reconstituição";14
"2723";"V";16
"2724";"Reconstituição";14
"2725";"V";16
"2726";"V";16
"2727";"V";16
"2728";"V";16
"2729";"IV";11
"2730";"IV";11
"2731";"Veneer";18
"2732";"II";8
"2733";"V";16
"2734";"II";8
"2735";"II";8
"2736";"II";8
"2737";"II";8
"2738";"II";8
"2739";"II";8
"2740";"II";8
"2741";"Reconstituição";14
"2742";"Reconstituição";14
"2743";"II";8
"2744";"Veneer";18
"2745";NA;NA
"2746";NA;NA
"2747";"II";8
"2748";"II";8
"2749";"II";8
"2750";"II";8
"2751";"II";8
"2752";"II";8
"2753";"I";6
"2754";"II";8
"2755";"II";8
"2756";"II";8
"2757";"Veneer";18
"2758";NA;NA
"2759";"III";9
"2760";"Veneer";18
"2761";"II";8
"2762";"V";16
"2763";"V";16
"2764";"II";8
"2765";"V";16
"2766";"V";16
"2767";"Veneer";18
"2768";"V";16
"2769";"V";16
"2770";"II";8
"2771";"V";16
"2772";"V";16
"2773";"Veneer";18
"2774";"V";16
"2775";"Veneer";18
"2776";"V";16
"2777";"Veneer";18
"2778";"V";16
"2779";"Veneer";18
"2780";"V";16
"2781";"II";8
"2782";"V";16
"2783";"III";9
"2784";"III";9
"2785";"II";8
"2786";"III";9
"2787";"IV";11
"2788";"II";8
"2789";"I";6
"2790";"I";6
"2791";"I";6
"2792";"I";6
"2793";"II";8
"2794";"I";6
"2795";"I";6
"2796";"II";8
"2797";"II";8
"2798";"II";8
"2799";"II";8
"2800";"II";8
"2801";"II";8
"2802";"Reconstituição";14
"2803";"II";8
"2804";"III";9
"2805";"III";9
"2806";"III";9
"2807";NA;NA
"2808";NA;NA
"2809";"Veneer";18
"2810";"IV";11
"2811";"IV";11
"2812";"III";9
"2813";"Veneer";18
"2814";"Veneer";18
"2815";"Veneer";18
"2816";"Veneer";18
"2817";"Veneer";18
"2818";"Veneer";18
"2819";"Veneer";18
"2820";"Veneer";18
"2821";"Veneer";18
"2822";"Veneer";18
"2823";NA;NA
"2824";NA;NA
"2825";"Veneer";18
"2826";NA;NA
"2827";NA;NA
"2828";"Veneer";18
"2829";"II";8
"2830";"I";6
"2831";"I";6
"2832";"I";6
"2833";"II";8
"2834";"I";6
"2835";"II";8
"2836";"Reconstituição";14
"2837";"I";6
"2838";"V";16
"2839";"Reconstituição";14
"2840";"I";6
"2841";"V";16
"2842";"II";8
"2843";"Reconstituição";14
"2844";NA;NA
"2845";"I";6
"2846";"II";8
"2847";"I";6
"2848";"I";6
"2849";"I";6
"2850";"I";6
"2851";"I";6
"2852";"Veneer";18
"2853";NA;NA
"2854";NA;NA
"2855";NA;NA
"2856";"Veneer";18
"2857";NA;NA
"2858";"Veneer";18
"2859";"Veneer";18
"2860";NA;NA
"2861";"Veneer";18
"2862";NA;NA
"2863";"Veneer";18
"2864";"Veneer";18
"2865";NA;NA
"2866";NA;NA
"2867";NA;NA
"2868";"Veneer";18
"2869";NA;NA
"2870";NA;NA
"2871";"Veneer";18
"2872";"Veneer";18
"2873";NA;NA
"2874";"Veneer";18
"2875";NA;NA
"2876";NA;NA
"2877";NA;NA
"2878";"Veneer";18
"2879";"Veneer";18
"2880";NA;NA
"2881";NA;NA
"2882";NA;NA
"2883";NA;NA
"2884";"Veneer";18
"2885";"Veneer";18
"2886";NA;NA
"2887";NA;NA
"2888";NA;NA
"2889";"Veneer";18
"2890";NA;NA
"2891";NA;NA
"2892";NA;NA
"2893";"Veneer";18
"2894";"IV";11
"2895";"Veneer";18
"2896";NA;NA
"2897";NA;NA
"2898";NA;NA
"2899";"III";9
"2900";"Veneer";18
"2901";"IV";11
"2902";"Veneer";18
"2903";"I";6
"2904";"Veneer";18
"2905";NA;NA
"2906";"IV";11
"2907";"Veneer";18
"2908";"I";6
"2909";"II";8
"2910";"II";8
"2911";"II";8
"2912";"Reconstituição";14
"2913";"II";8
"2914";"II";8
"2915";NA;NA
"2916";"II";8
"2917";"II";8
"2918";"II";8
"2919";"II";8
"2920";"II";8
"2921";"II";8
"2922";"II";8
"2923";NA;NA
"2924";NA;NA
"2925";"V";16
"2926";"IV";11
"2927";"V";16
"2928";"III";9
"2929";"III";9
"2930";"Veneer";18
"2931";NA;NA
"2932";NA;NA
"2933";"I";6
"2934";"V";16
"2935";"V";16
"2936";"II";8
"2937";"Veneer";18
"2938";NA;NA
"2939";"Veneer";18
"2940";"Veneer";18
"2941";"Veneer";18
"2942";NA;NA
"2943";NA;NA
"2944";NA;NA
"2945";NA;NA
"2946";"V";16
"2947";"Veneer";18
"2948";NA;NA
"2949";NA;NA
"2950";NA;NA
"2951";NA;NA
"2952";NA;NA
"2953";NA;NA
"2954";NA;NA
"2955";"Veneer";18
"2956";NA;NA
"2957";NA;NA
"2958";"Veneer";18
"2959";NA;NA
"2960";"V";16
"2961";"III";9
"2962";"III";9
"2963";"II";8
"2964";"II";8
"2965";"II";8
"2966";"I";6
"2967";"I";6
"2968";"I";6
"2969";"I";6
"2970";"II";8
"2971";NA;NA
"2972";NA;NA
"2973";NA;NA
"2974";NA;NA
"2975";NA;NA
"2976";NA;NA
"2977";NA;NA
"2978";NA;NA
"2979";NA;NA
"2980";NA;NA
"2981";NA;NA
"2982";NA;NA
"2983";NA;NA
"2984";NA;NA
"2985";NA;NA
"2986";NA;NA
"2987";NA;NA
"2988";NA;NA
"2989";NA;NA
"2990";NA;NA
"2991";NA;NA
"2992";NA;NA
"2993";NA;NA
"2994";NA;NA
"2995";"Reconstituição";14
"2996";"II";8
"2997";"II";8
"2998";"I";6
"2999";"II";8
"3000";"Veneer";18
"3001";"Veneer";18
"3002";"III";9
"3003";"Veneer";18
"3004";"II";8
"3005";"Coroa pura";3
"3006";"Veneer";18
